{"cameraMode":{"drawMode":0,"name":"Shaded","section":"Shading Mode"},"sceneLighting":true,"audioPlay":false,"sceneViewState":{"showFog":true,"showMaterialUpdate":true,"showSkybox":true,"showFlares":true,"showImageEffects":true,"showParticleSystems":true},"in2DMode":false,"pivot":{"x":21.9185848236084,"y":24.571744918823243,"z":167.26251220703126},"rotation":{"x":-0.48483213782310488,"y":-0.5114369988441467,"z":0.45599666237831118,"w":-0.5438939929008484},"size":16.62078094482422,"orthographic":false}