{"cameraMode":{"drawMode":0,"name":"Shaded","section":"Shading Mode"},"sceneLighting":true,"audioPlay":false,"sceneViewState":{"showFog":true,"showMaterialUpdate":true,"showSkybox":true,"showFlares":true,"showImageEffects":true,"showParticleSystems":true},"in2DMode":false,"pivot":{"x":716.2086791992188,"y":515.3125,"z":20.808013916015626},"rotation":{"x":-0.07534196972846985,"y":-0.07344789803028107,"z":0.005488391034305096,"w":-0.9946398735046387},"size":512.2391357421875,"orthographic":false}