{"cameraMode":{"drawMode":0,"name":"Shaded","section":"Shading Mode"},"sceneLighting":true,"audioPlay":false,"sceneViewState":{"showFog":true,"showMaterialUpdate":true,"showSkybox":true,"showFlares":true,"showImageEffects":true,"showParticleSystems":true},"in2DMode":false,"pivot":{"x":31.213409423828126,"y":-10.842330932617188,"z":27.19167137145996},"rotation":{"x":-0.16739052534103394,"y":-0.07202600687742233,"z":0.012166081927716732,"w":-0.9833743572235107},"size":28.04949378967285,"orthographic":false}